Model,Train Accuracy,Val Accuracy,Test Accuracy,Precision,Recall,F1-Score,AUC Score,F1_Rank,AUC_Rank,Accuracy_Rank,Overall_Rank
Gradient Boosting,1.0,0.9735099337748344,0.9736842105263158,1.0,0.9411764705882353,0.9696969696969697,0.998249299719888,1.5,1.5,1.5,1.5
LightGBM,1.0,0.9801324503311258,0.9671052631578947,0.9846153846153847,0.9411764705882353,0.962406015037594,0.998249299719888,3.0,1.5,3.5,2.6666666666666665
Neural Network,0.9971631205673759,0.9735099337748344,0.9736842105263158,1.0,0.9411764705882353,0.9696969696969697,0.9970238095238095,1.5,5.0,1.5,2.6666666666666665
XGBoost,1.0,0.9801324503311258,0.9671052631578947,1.0,0.9264705882352942,0.9618320610687023,0.9980742296918768,4.0,3.0,3.5,3.5
SVM,0.9787234042553191,0.9735099337748344,0.9539473684210527,0.9841269841269841,0.9117647058823529,0.9465648854961831,0.9977240896358542,5.5,4.0,5.5,5.0
Random Forest,1.0,0.9735099337748344,0.9539473684210527,0.9841269841269841,0.9117647058823529,0.9465648854961831,0.9949229691876751,5.5,6.0,5.5,5.666666666666667
