Model,Train Accuracy,Val Accuracy,Test Accuracy,Precision,Recall,F1-Score,AUC Score
Random Forest,1.0,0.9735099337748344,0.9605263157894737,0.984375,0.9264705882352942,0.9545454545454545,0.9964985994397759
Gradient Boosting,1.0,0.9668874172185431,0.9736842105263158,1.0,0.9411764705882353,0.9696969696969697,0.9973739495798319
SVM,0.9730496453900709,0.9735099337748344,0.9539473684210527,0.9841269841269841,0.9117647058823529,0.9465648854961831,0.9975490196078431
XGBoost,1.0,0.9668874172185431,0.9605263157894737,1.0,0.9117647058823529,0.9538461538461539,0.9977240896358543
LightGBM,1.0,0.9668874172185431,0.9736842105263158,0.9705882352941176,0.9705882352941176,0.9705882352941176,0.9980742296918766
Neural Network,0.9929078014184397,0.9801324503311258,0.9868421052631579,1.0,0.9705882352941176,0.9850746268656716,0.998249299719888
